INSERT INTO `PERMISSION_DETAIL` (`ID`, `NAME`, `ROLE_TAG`) VALUES (1, 'Feladat kiosztasa', 'ROLE_ADD_TASK');
INSERT INTO `PERMISSION_DETAIL` (`ID`, `NAME`, `ROLE_TAG`) VALUES (2, 'Szabadsagok kiosztasa', 'ROLE_HOLIDAY_ADMIN');
INSERT INTO `PERMISSION_DETAIL` (`ID`, `NAME`, `ROLE_TAG`) VALUES (3, 'Felhasznalok kezelese', 'ROLE_USER_ADMIN');
INSERT INTO `PERMISSION_DETAIL` (`ID`, `NAME`, `ROLE_TAG`) VALUES (4, 'Projektek kezelese', 'ROLE_PROJECT_ADMIN');
INSERT INTO `PERMISSION_DETAIL` (`ID`, `NAME`, `ROLE_TAG`) VALUES (5, 'Feladatok kezelese', 'ROLE_ACTIVITY_GROUP_ADMIN');
INSERT INTO `PERMISSION_DETAIL` (`ID`, `NAME`, `ROLE_TAG`) VALUES (6, 'Jogosultsagok kezelese', 'ROLE_PERMISSION_ADMIN');
INSERT INTO `PERMISSION_DETAIL` (`ID`, `NAME`, `ROLE_TAG`) VALUES (7, 'Listazas', 'ROLE_LISTING');

INSERT INTO `PERMISSION` (`ID`, `NAME`) VALUES (1, 'Adminisztracio');
INSERT INTO `PERMISSION` (`ID`, `NAME`) VALUES (2, 'Alkalmazott');

INSERT INTO `USER` (`ID`, `CAN_LOG_IN`, `EMAIL`, `FIRST_NAME`, `LAST_LOGIN`, `LAST_NAME`, `LOGIN_NAME`, `MAX_HOLIDAY`, `PASSWORD`, `PERMISSION_ID`, `DELETED`) VALUES (1, TRUE, 'k.roli9955@gmail.com', 'Roland', '2019-10-31T12:32:20', 'Kotroczo', 'admin', 20, '$2a$10$lW9Q6thFdccwPiRyOmQmreEtNhERoYGEsYKRL3uV97Q9u2ZGKxusW', 1, false);
INSERT INTO `USER` (`ID`, `CAN_LOG_IN`, `EMAIL`, `FIRST_NAME`, `LAST_LOGIN`, `LAST_NAME`, `LOGIN_NAME`, `MAX_HOLIDAY`, `PASSWORD`, `PERMISSION_ID`, `DELETED`) VALUES (2, TRUE, 'k.roli9955@gmail.com', 'Pista', '2019-10-31T12:32:20', 'Kis', 'user', 20, '$2a$10$lW9Q6thFdccwPiRyOmQmreEtNhERoYGEsYKRL3uV97Q9u2ZGKxusW', 2, false);

INSERT INTO `PERMISSION_DETAILS` (`PERMISSIONS_ID`, `DETAILS_ID`) VALUES (1, 1);
INSERT INTO `PERMISSION_DETAILS` (`PERMISSIONS_ID`, `DETAILS_ID`) VALUES (1, 2);
INSERT INTO `PERMISSION_DETAILS` (`PERMISSIONS_ID`, `DETAILS_ID`) VALUES (1, 3);
INSERT INTO `PERMISSION_DETAILS` (`PERMISSIONS_ID`, `DETAILS_ID`) VALUES (1, 4);
INSERT INTO `PERMISSION_DETAILS` (`PERMISSIONS_ID`, `DETAILS_ID`) VALUES (1, 5);
INSERT INTO `PERMISSION_DETAILS` (`PERMISSIONS_ID`, `DETAILS_ID`) VALUES (1, 6);
INSERT INTO `PERMISSION_DETAILS` (`PERMISSIONS_ID`, `DETAILS_ID`) VALUES (1, 7);
-- INSERT INTO `PERMISSION_DETAILS` (`PERMISSIONS_ID`, `DETAILS_ID`) VALUES (2, 1);

INSERT INTO `WORK_GROUP` (`ID`, `NAME`, `SCALE`, `DELETED`) VALUES (1, 'Fejlesztes', 100, FALSE );
INSERT INTO `WORK_GROUP` (`ID`, `NAME`, `SCALE`, `DELETED`) VALUES (2, 'Konyveles', 100, FALSE);

INSERT INTO `USER_WORK_GROUP` (`ID`, `IN_WORK_GROUP_FROM`, `USER_ID`, `WORK_GROUP_ID`) VALUES (1, '2020-03-01', 1, 1);
INSERT INTO `USER_WORK_GROUP` (`ID`, `IN_WORK_GROUP_FROM`, `IN_WORK_GROUP_TO`, `USER_ID`, `WORK_GROUP_ID`) VALUES (2, '2020-03-01', '2020-03-31', 1, 2);
INSERT INTO `USER_WORK_GROUP` (`ID`, `IN_WORK_GROUP_FROM`, `IN_WORK_GROUP_TO`, `USER_ID`, `WORK_GROUP_ID`) VALUES (3, '2020-03-01', '2020-04-30', 2, 2);

INSERT INTO `ACTIVITY_GROUP` (`ID`, `CAN_ADD_CHILD`, `NAME`, `PARENT_ID`, `DELETED`, `EASY_LOG_IN`) VALUES (1, TRUE, 'Tervezes', NULL, FALSE, FALSE );
INSERT INTO `ACTIVITY_GROUP` (`ID`, `CAN_ADD_CHILD`, `NAME`, `PARENT_ID`, `DELETED`, `EASY_LOG_IN`) VALUES (2, TRUE, 'Adatbazis tervezes', 1, FALSE, FALSE);
INSERT INTO `ACTIVITY_GROUP` (`ID`, `CAN_ADD_CHILD`, `NAME`, `PARENT_ID`, `DELETED`, `EASY_LOG_IN`) VALUES (3, FALSE, 'UML Diagram keszites', 1, FALSE, FALSE);
INSERT INTO `ACTIVITY_GROUP` (`ID`, `CAN_ADD_CHILD`, `NAME`, `PARENT_ID`, `DELETED`, `EASY_LOG_IN`) VALUES (4, TRUE, 'Fejlesztes', NULL, FALSE, FALSE);
INSERT INTO `ACTIVITY_GROUP` (`ID`, `CAN_ADD_CHILD`, `NAME`, `PARENT_ID`, `DELETED`, `EASY_LOG_IN`) VALUES (5, FALSE, 'Frontend implementalas', 4, FALSE, FALSE);
INSERT INTO `ACTIVITY_GROUP` (`ID`, `CAN_ADD_CHILD`, `NAME`, `PARENT_ID`, `DELETED`, `EASY_LOG_IN`) VALUES (6, FALSE, 'Tetel rogzites', NULL, FALSE, FALSE);
INSERT INTO `ACTIVITY_GROUP` (`ID`, `CAN_ADD_CHILD`, `NAME`, `PARENT_ID`, `DELETED`, `EASY_LOG_IN`) VALUES (7, FALSE, 'MYSQL', 2, FALSE, FALSE);
INSERT INTO `ACTIVITY_GROUP` (`ID`, `CAN_ADD_CHILD`, `NAME`, `PARENT_ID`, `DELETED`, `EASY_LOG_IN`) VALUES (8, FALSE, 'Munka kezdese', NULL, FALSE, TRUE);

INSERT INTO `WORK_GROUP_ACTIVITY_GROUP` (`WORK_GROUP_ID`, `ACTIVITY_GROUP_ID`) VALUES (1, 1);
INSERT INTO `WORK_GROUP_ACTIVITY_GROUP` (`WORK_GROUP_ID`, `ACTIVITY_GROUP_ID`) VALUES (1, 2);
INSERT INTO `WORK_GROUP_ACTIVITY_GROUP` (`WORK_GROUP_ID`, `ACTIVITY_GROUP_ID`) VALUES (1, 3);
INSERT INTO `WORK_GROUP_ACTIVITY_GROUP` (`WORK_GROUP_ID`, `ACTIVITY_GROUP_ID`) VALUES (1, 4);
INSERT INTO `WORK_GROUP_ACTIVITY_GROUP` (`WORK_GROUP_ID`, `ACTIVITY_GROUP_ID`) VALUES (1, 5);
INSERT INTO `WORK_GROUP_ACTIVITY_GROUP` (`WORK_GROUP_ID`, `ACTIVITY_GROUP_ID`) VALUES (1, 7);
INSERT INTO `WORK_GROUP_ACTIVITY_GROUP` (`WORK_GROUP_ID`, `ACTIVITY_GROUP_ID`) VALUES (2, 6);

INSERT INTO `ACTIVITY` (`ID`, `DATE`, `DEADLINE`, `DESCRIPTION`, `IS_COMPLETED`, `IS_TASK`, `MIN`, `ACTIVITY_GROUP_ID`, `OWNER_ID`, `USER_ID`, `WORK_GROUP_ID`) VALUES (1, '2020-03-08', NULL, 'Valamilyen fejlesztes', FALSE, FALSE, 120, 5, 1, 1, 1);
INSERT INTO `ACTIVITY` (`ID`, `DATE`, `DEADLINE`, `DESCRIPTION`, `IS_COMPLETED`, `IS_TASK`, `MIN`, `ACTIVITY_GROUP_ID`, `OWNER_ID`, `USER_ID`, `WORK_GROUP_ID`) VALUES (2, '2020-03-08', NULL, 'Tervezes', FALSE, FALSE, 150, 3, 1, 1, 1);
INSERT INTO `ACTIVITY` (`ID`, `DATE`, `DEADLINE`, `DESCRIPTION`, `IS_COMPLETED`, `IS_TASK`, `MIN`, `ACTIVITY_GROUP_ID`, `OWNER_ID`, `USER_ID`, `WORK_GROUP_ID`) VALUES (3, '2020-03-09', NULL, 'Tervezes', FALSE, FALSE, 150, 3, 1, 1, 1);
INSERT INTO `ACTIVITY` (`ID`, `DATE`, `DEADLINE`, `DESCRIPTION`, `IS_COMPLETED`, `IS_TASK`, `MIN`, `ACTIVITY_GROUP_ID`, `OWNER_ID`, `USER_ID`, `WORK_GROUP_ID`) VALUES (4, '2020-03-09', NULL, 'Tervezes', FALSE, FALSE, 150, 3, 1, 1, 1);
INSERT INTO `ACTIVITY` (`ID`, `DATE`, `DEADLINE`, `DESCRIPTION`, `IS_COMPLETED`, `IS_TASK`, `MIN`, `ACTIVITY_GROUP_ID`, `OWNER_ID`, `USER_ID`, `WORK_GROUP_ID`) VALUES (5, '2020-03-09', NULL, 'Tervezes', FALSE, FALSE, 150, 3, 1, 1, 1);
INSERT INTO `ACTIVITY` (`ID`, `DATE`, `DEADLINE`, `DESCRIPTION`, `IS_COMPLETED`, `IS_TASK`, `MIN`, `ACTIVITY_GROUP_ID`, `OWNER_ID`, `USER_ID`, `WORK_GROUP_ID`) VALUES (6, '2020-03-09', NULL, 'Tervezes', FALSE, FALSE, 150, 3, 1, 1, 1);
INSERT INTO `ACTIVITY` (`ID`, `DATE`, `DEADLINE`, `DESCRIPTION`, `IS_COMPLETED`, `IS_TASK`, `MIN`, `ACTIVITY_GROUP_ID`, `OWNER_ID`, `USER_ID`, `WORK_GROUP_ID`) VALUES (7, '2020-03-09', NULL, 'Tervezes', FALSE, FALSE, 150, 3, 1, 1, 1);

INSERT INTO `ACTIVITY` (`ID`, `DATE`, `DEADLINE`, `DESCRIPTION`, `IS_COMPLETED`, `IS_TASK`, `OWNER_ID`, `USER_ID`) VALUES (8, '2020-04-22', '2020-04-22', 'Tervezes', FALSE, TRUE, 1, 1);
INSERT INTO `ACTIVITY` (`ID`, `DATE`, `DEADLINE`, `DESCRIPTION`, `IS_COMPLETED`, `IS_TASK`, `OWNER_ID`, `USER_ID`) VALUES (9, '2020-04-20', '2020-04-20', 'Tervezes', FALSE, TRUE, 2, 1);
INSERT INTO `ACTIVITY` (`ID`, `DATE`, `DEADLINE`, `DESCRIPTION`, `IS_COMPLETED`, `IS_TASK`, `OWNER_ID`, `USER_ID`) VALUES (10, '2020-04-25', '2020-04-25', 'Tervezes', FALSE, TRUE, 2, 1);
INSERT INTO `ACTIVITY` (`ID`, `DATE`, `DEADLINE`, `DESCRIPTION`, `IS_COMPLETED`, `IS_TASK`, `OWNER_ID`, `USER_ID`) VALUES (11, '2020-04-23', '2020-04-23', 'Tervezes', FALSE, TRUE, 2, 1);

INSERT INTO `HOLIDAY` (`ID`, `HOLIDAY_FROM`, `HOLIDAY_TO`, `USER_ID`, `DAYS`) VALUES (1, '2020-03-01', '2020-03-05', 1, 5);
INSERT INTO `HOLIDAY` (`ID`, `HOLIDAY_FROM`, `HOLIDAY_TO`, `USER_ID`, `DAYS`) VALUES (2, '2020-03-01', '2020-03-05', 2, 5);
INSERT INTO `HOLIDAY` (`ID`, `HOLIDAY_FROM`, `HOLIDAY_TO`, `USER_ID`, `DAYS`) VALUES (3, '2020-03-15', '2020-03-20', 1, 6);
INSERT INTO `HOLIDAY` (`ID`, `HOLIDAY_FROM`, `HOLIDAY_TO`, `USER_ID`, `DAYS`) VALUES (4, '2020-03-23', '2020-03-30', 2, 8);
INSERT INTO `HOLIDAY` (`ID`, `HOLIDAY_FROM`, `HOLIDAY_TO`, `USER_ID`, `DAYS`) VALUES (5, '2019-03-23', '2019-03-30', 2, 8);