INSERT INTO `PERMISSION_DETAIL` (`ID`, `NAME`, `ROLE_TAG`) VALUES (1, 'Felhasznalo', 'ROLE_USER');
INSERT INTO `PERMISSION_DETAIL` (`ID`, `NAME`, `ROLE_TAG`) VALUES (2, 'Feladat kiosztasa', 'ROLE_ADD_TASK');
-- INSERT INTO `PERMISSION_DETAIL` (`ID`, `NAME`, `ROLE_TAG`) VALUES (2, 'Munkaido nyilvantarto - Adminisztracio', 'ROLE_ACTIVITY-ADMIN');
-- INSERT INTO `PERMISSION_DETAIL` (`ID`, `NAME`, `ROLE_TAG`) VALUES (3, 'Szabadsag tervezo - Adminisztracio', 'ROLE_HOLIDAY-ADMIN');
-- INSERT INTO `PERMISSION_DETAIL` (`ID`, `NAME`, `ROLE_TAG`) VALUES (4, 'Listazas - Adminisztracio', 'ROLE_LISTING-ADMIN');
-- INSERT INTO `PERMISSION_DETAIL` (`ID`, `NAME`, `ROLE_TAG`) VALUES (5, 'Adminisztracio', 'ROLE_ADMINISTRATION');
-- INSERT INTO `PERMISSION_DETAIL` (`ID`, `NAME`, `ROLE_TAG`) VALUES (6, 'Karbantartas', 'ROLE_MAINTENANCE');

INSERT INTO `PERMISSION` (`ID`, `NAME`) VALUES (1, 'Adminisztracio');
INSERT INTO `PERMISSION` (`ID`, `NAME`) VALUES (2, 'Alkalmazott');

INSERT INTO `USER` (`ID`, `CAN_LOG_IN`, `EMAIL`, `FIRST_NAME`, `LAST_LOGIN`, `LAST_NAME`, `LOGIN_NAME`, `MAX_HOLIDAY`, `PASSWORD`, `PERMISSION_ID`) VALUES (1, TRUE, 'k.roli9955@gmail.com', 'Roland', '2019-10-31T12:32:20', 'Kotroczo', 'admin', 20, '$2a$10$lW9Q6thFdccwPiRyOmQmreEtNhERoYGEsYKRL3uV97Q9u2ZGKxusW', 1);
INSERT INTO `USER` (`ID`, `CAN_LOG_IN`, `EMAIL`, `FIRST_NAME`, `LAST_LOGIN`, `LAST_NAME`, `LOGIN_NAME`, `MAX_HOLIDAY`, `PASSWORD`, `PERMISSION_ID`) VALUES (2, TRUE, 'k.roli9955@gmail.com', 'Roland', '2019-10-31T12:32:20', 'Kotroczo', 'user', 20, '$2a$10$lW9Q6thFdccwPiRyOmQmreEtNhERoYGEsYKRL3uV97Q9u2ZGKxusW', 2);

INSERT INTO `PERMISSION_DETAILS` (`PERMISSIONS_ID`, `DETAILS_ID`) VALUES (1, 1);
INSERT INTO `PERMISSION_DETAILS` (`PERMISSIONS_ID`, `DETAILS_ID`) VALUES (1, 2);
-- INSERT INTO `PERMISSION_DETAILS` (`PERMISSIONS_ID`, `DETAILS_ID`) VALUES (1, 3);
-- INSERT INTO `PERMISSION_DETAILS` (`PERMISSIONS_ID`, `DETAILS_ID`) VALUES (1, 4);
-- INSERT INTO `PERMISSION_DETAILS` (`PERMISSIONS_ID`, `DETAILS_ID`) VALUES (1, 5);
-- INSERT INTO `PERMISSION_DETAILS` (`PERMISSIONS_ID`, `DETAILS_ID`) VALUES (1, 6);
-- INSERT INTO `PERMISSION_DETAILS` (`PERMISSIONS_ID`, `DETAILS_ID`) VALUES (2, 1);

INSERT INTO `WORK_GROUP` (`ID`, `NAME`, `SCALE`) VALUES (1, 'Fejlesztes', 100);
INSERT INTO `WORK_GROUP` (`ID`, `NAME`, `SCALE`) VALUES (2, 'Konyveles', 100);

INSERT INTO `USER_WORK_GROUP` (`ID`, `IN_WORK_GROUP_FROM`, `USER_ID`, `WORK_GROUP_ID`) VALUES (1, '2020-03-01', 1, 1);
INSERT INTO `USER_WORK_GROUP` (`ID`, `IN_WORK_GROUP_FROM`, `IN_WORK_GROUP_TO`, `USER_ID`, `WORK_GROUP_ID`) VALUES (2, '2020-03-01', '2020-03-31', 1, 2);

INSERT INTO `ACTIVITY_GROUP` (`ID`, `CAN_ADD_ACTIVITY`, `CAN_ADD_CHILD`, `NAME`, `PARENT_ID`) VALUES (1, FALSE, TRUE, 'Tervezes', NULL);
INSERT INTO `ACTIVITY_GROUP` (`ID`, `CAN_ADD_ACTIVITY`, `CAN_ADD_CHILD`, `NAME`, `PARENT_ID`) VALUES (2, TRUE, FALSE, 'Adatbazis tervezes', 1);
INSERT INTO `ACTIVITY_GROUP` (`ID`, `CAN_ADD_ACTIVITY`, `CAN_ADD_CHILD`, `NAME`, `PARENT_ID`) VALUES (3, TRUE, FALSE, 'UML Diagram keszites', 1);
INSERT INTO `ACTIVITY_GROUP` (`ID`, `CAN_ADD_ACTIVITY`, `CAN_ADD_CHILD`, `NAME`, `PARENT_ID`) VALUES (4, FALSE, TRUE, 'Fejlesztes', NULL);
INSERT INTO `ACTIVITY_GROUP` (`ID`, `CAN_ADD_ACTIVITY`, `CAN_ADD_CHILD`, `NAME`, `PARENT_ID`) VALUES (5, TRUE, FALSE, 'Frontend implementalas', 4);
INSERT INTO `ACTIVITY_GROUP` (`ID`, `CAN_ADD_ACTIVITY`, `CAN_ADD_CHILD`, `NAME`, `PARENT_ID`) VALUES (6, TRUE, FALSE, 'Tetel rogzites', NULL);

INSERT INTO `WORK_GROUP_ACTIVITY_GROUP` (`WORK_GROUP_ID`, `ACTIVITY_GROUP_ID`) VALUES (1, 1);
INSERT INTO `WORK_GROUP_ACTIVITY_GROUP` (`WORK_GROUP_ID`, `ACTIVITY_GROUP_ID`) VALUES (1, 2);
INSERT INTO `WORK_GROUP_ACTIVITY_GROUP` (`WORK_GROUP_ID`, `ACTIVITY_GROUP_ID`) VALUES (1, 3);
INSERT INTO `WORK_GROUP_ACTIVITY_GROUP` (`WORK_GROUP_ID`, `ACTIVITY_GROUP_ID`) VALUES (1, 4);
INSERT INTO `WORK_GROUP_ACTIVITY_GROUP` (`WORK_GROUP_ID`, `ACTIVITY_GROUP_ID`) VALUES (1, 5);
INSERT INTO `WORK_GROUP_ACTIVITY_GROUP` (`WORK_GROUP_ID`, `ACTIVITY_GROUP_ID`) VALUES (2, 6);

INSERT INTO `ACTIVITY` (`ID`, `DATE`, `DEADLINE`, `DESCRIPTION`, `IS_COMPLETED`, `IS_TASK`, `LOCKED`, `MIN`, `ACTIVITY_GROUP_ID`, `OWNER_ID`, `USER_ID`, `WORK_GROUP_ID`) VALUES (1, '2020-03-08', NULL, 'Valamilyen fejlesztes', FALSE, FALSE, FALSE, 120, 5, 1, 1, 1);
INSERT INTO `ACTIVITY` (`ID`, `DATE`, `DEADLINE`, `DESCRIPTION`, `IS_COMPLETED`, `IS_TASK`, `LOCKED`, `MIN`, `ACTIVITY_GROUP_ID`, `OWNER_ID`, `USER_ID`, `WORK_GROUP_ID`) VALUES (2, '2020-03-08', NULL, 'Tervezes', FALSE, FALSE, FALSE, 150, 3, 1, 1, 1);
INSERT INTO `ACTIVITY` (`ID`, `DATE`, `DEADLINE`, `DESCRIPTION`, `IS_COMPLETED`, `IS_TASK`, `LOCKED`, `MIN`, `ACTIVITY_GROUP_ID`, `OWNER_ID`, `USER_ID`, `WORK_GROUP_ID`) VALUES (3, '2020-03-09', NULL, 'Tervezes', FALSE, FALSE, FALSE, 150, 3, 1, 1, 1);
INSERT INTO `ACTIVITY` (`ID`, `DATE`, `DEADLINE`, `DESCRIPTION`, `IS_COMPLETED`, `IS_TASK`, `LOCKED`, `MIN`, `ACTIVITY_GROUP_ID`, `OWNER_ID`, `USER_ID`, `WORK_GROUP_ID`) VALUES (4, '2020-03-09', NULL, 'Tervezes', FALSE, FALSE, FALSE, 150, 3, 1, 1, 1);
INSERT INTO `ACTIVITY` (`ID`, `DATE`, `DEADLINE`, `DESCRIPTION`, `IS_COMPLETED`, `IS_TASK`, `LOCKED`, `MIN`, `ACTIVITY_GROUP_ID`, `OWNER_ID`, `USER_ID`, `WORK_GROUP_ID`) VALUES (5, '2020-03-09', NULL, 'Tervezes', FALSE, FALSE, FALSE, 150, 3, 1, 1, 1);
INSERT INTO `ACTIVITY` (`ID`, `DATE`, `DEADLINE`, `DESCRIPTION`, `IS_COMPLETED`, `IS_TASK`, `LOCKED`, `MIN`, `ACTIVITY_GROUP_ID`, `OWNER_ID`, `USER_ID`, `WORK_GROUP_ID`) VALUES (6, '2020-03-09', NULL, 'Tervezes', FALSE, FALSE, FALSE, 150, 3, 1, 1, 1);
INSERT INTO `ACTIVITY` (`ID`, `DATE`, `DEADLINE`, `DESCRIPTION`, `IS_COMPLETED`, `IS_TASK`, `LOCKED`, `MIN`, `ACTIVITY_GROUP_ID`, `OWNER_ID`, `USER_ID`, `WORK_GROUP_ID`) VALUES (7, '2020-03-09', NULL, 'Tervezes', FALSE, FALSE, FALSE, 150, 3, 1, 1, 1);